Shipping Status,Order Number,Item Number,Item Title,Custom Label,Transaction ID,Shipping Carrier Used,Tracking Number
1,07-09719-61960,404123542652,Sid The Science Kid: The Ruler Of Thumb,,1131165074027,USPS,9114902200789391765353
1,20-09713-70626,404138327832,THE SWAN PRINCESS [DVD] [SPECIAL EDITION],,1131145232027,USPS,9114902200789391765384
1,08-09718-13319,404135096671,Moulin Rouge (DVD),,1131119307027,USPS,9114902200789391765377
1,17-09713-65919,404135096751,Safe Haven,,1131066488027,USPS,9114902200789391765407
1,04-09718-94468,404010087095,The penguins of madagascar,,1131058291027,USPS,9114902200789391765391
1,23-09711-03746,404030235334,Thomas and the Magic Railroad [DVD] [2000],,1131057239027,USPS,9114902200789391765421
1,05-09718-91976,404033889132,The Shaggy Dog (Widescreen),,1131051077027,USPS,9114902200789391765414
1,24-09724-61156,404123542579,Mean Girls (DVD  2004  Widescreen Special Collectors Edition),,1131018964027,USPS,9114902200789391765445
1,19-09711-89727,404138327226,The One [Special Edition] [DVD] [2001],,1131000709027,USPS,9114902200789391765438
1,11-09714-78575,404024054949,Scooby Doo 2: Monsters Unleashed (DVD),,1130980971027,USPS,9114902200789391765469
1,12-09714-47146,404097741106,Tim Conway: Timeless Comedy [DVD] [2006],,1130977053027,USPS,9114902200789391765452
1,23-09709-73432,404109705745,Crusade In The Pacific Volume II (DVD  Slim Case),,1130972124027,USPS,9114902200789391765483
