Sales Record Number,Order Number,Buyer Username,Buyer Name,Buyer Email,Buyer Note,Buyer Address 1,Buyer Address 2,Buyer City,Buyer State,Buyer Zip,Buyer Country,Buyer Tax Identifier Name,Buyer Tax Identifier Value,Ship To Name,Ship To Phone,Ship To Address 1,Ship To Address 2,Ship To City,Ship To State,Ship To Zip,Ship To Country,Item Number,Item Title,Custom Label,Sold Via Promoted Listings,Quantity,Sold For,Shipping And Handling,Item Location,Item Zip Code,Item Country,eBay Collect And Remit Tax Rate,eBay Collect And Remit Tax Type,eBay Reference Name,eBay Reference Value,Tax Status,Seller Collected Tax,eBay Collected Tax,Electronic Waste Recycling Fee,Mattress Recycling Fee,Battery Recycling Fee,White Goods Disposal Tax,Tire Recycling Fee,Additional Fee,eBay Collected Charges,Total Price,eBay Collected Tax and Fees Included in Total,Payment Method,Sale Date,Paid On Date,Ship By Date,Minimum Estimated Delivery Date,Maximum Estimated Delivery Date,Shipped On Date,Feedback Left,Feedback Received,My Item Note,PayPal Transaction ID,Shipping Service,Tracking Number,Transaction ID,Variation Details,Global Shipping Program,Global Shipping Reference ID,Click And Collect,Click And Collect Reference Number,eBay Plus,Authenticity Verification Program,Authenticity Verification Status,Authenticity Verification Outcome Reason,eBay Vault Program,Vault Fulfillment Type,eBay Fulfillment Program,Tax City,Tax State,Tax Zip,Tax Country,eBay International Shipping
5259,07-09719-61960,dsfdo_f_eudhcmds,Donna Feld,170edc142b4567fe9267@members.ebay.com,,6583 Yager Rd,,Kimball,MI,48074-4211,United States,,,Donna Feld,+1 810-294-9963,6583 Yager Rd,,Kimball,MI,48074-4211,United States,404123542652,Sid The Science Kid: The Ruler Of Thumb,23Jan2023_4964_41502_B4L1C6,No,1,$3.00,$0.00,"Baltimore, Maryland",21218,US,6,Sales tax,,,,$0.00,$0.18,$0.00,$0.00,$0.00,$0.00,$0.00,$0.00,$0.00,$3.18,Yes,,Feb-17-23,Feb-17-23,Feb-23-23,Feb-22-23,Feb-24-23,,Yes,,,,USPS Media Mail,,1131165074027,,No,,No,,No,No,,,No,,No,Kimball,MI,48074-4211,United States,No
5258,20-09713-70626,woodshel1217,Shelby Nielsen,0b8757b10b591b954053@members.ebay.com,,139 Northstar Ave,,Twin Falls,ID,83301-3191,United States,,,Shelby Nielsen,+1 208-293-7511,139 Northstar Ave,,Twin Falls,ID,83301-3191,United States,404138327832,THE SWAN PRINCESS [DVD] [SPECIAL EDITION],31Jan2023_5928_34750_B9L2C3,No,1,$3.00,$0.00,"Baltimore, Maryland",21218,US,6,Sales tax,,,,$0.00,$0.18,$0.00,$0.00,$0.00,$0.00,$0.00,$0.00,$0.00,$3.18,Yes,,Feb-17-23,Feb-17-23,Feb-23-23,Feb-23-23,Feb-28-23,,Yes,,,,USPS Media Mail,,1131145232027,,No,,No,,No,No,,,No,,No,Twin Falls,ID,83301-3191,United States,No
5257,08-09718-13319,hunwat-3900,Hunter Watson,170e69954d608bd17c59@members.ebay.com,,3 Mahaffey Ln,,Salem,NY,12865-2320,United States,,,Leo Watson,+1 413-326-4064,3 Mahaffey Ln,,Salem,NY,12865-2320,United States,404135096671,Moulin Rouge (DVD),30Jan2023_5486_55303_B8L2C2,No,1,$3.00,$0.00,"Baltimore, Maryland",21218,US,7,Sales tax,,,,$0.00,$0.21,$0.00,$0.00,$0.00,$0.00,$0.00,$0.00,$0.00,$3.21,Yes,,Feb-17-23,Feb-17-23,Feb-23-23,Feb-22-23,Feb-24-23,,Yes,,,,USPS Media Mail,,1131119307027,,No,,No,,No,No,,,No,,No,Salem,NY,12865-2320,United States,No
5255,17-09713-65919,ilhobo,David Smith,170d99ac558a155c7c67@members.ebay.com,,11426 Stagecoach Rd,,Shipman,IL,62685-6603,United States,,,David Smith,+1 618-836-5488,11426 Stagecoach Rd,,Shipman,IL,62685-6603,United States,404135096751,Safe Haven,30Jan2023_5548_97028_B8L2C5,No,1,$3.00,$0.00,"Baltimore, Maryland",21218,US,7.25,Sales tax,,,,$0.00,$0.22,$0.00,$0.00,$0.00,$0.00,$0.00,$0.00,$0.00,$3.22,Yes,,Feb-16-23,Feb-16-23,Feb-22-23,Feb-22-23,Feb-24-23,,Yes,,,420004_S,USPS Media Mail,,1131066488027,,No,,No,,No,No,,,No,,No,Shipman,IL,62685-6603,United States,No
5253,04-09718-94468,luckydevil7776,Mary Stillwell,170d73ec309771bf2037@members.ebay.com,,5227 Webster Ave,,Kansas City,KS,66104-2144,United States,,,Mary Stillwell,+1 913-708-2806,5227 Webster Ave,,Kansas City,KS,66104-2144,United States,404010087095,The penguins of madagascar,22Nov2022_2778_65770_B4L2C2,No,1,$3.00,$0.00,"Baltimore, Maryland",21218,US,9.13,Sales tax,,,,$0.00,$0.27,$0.00,$0.00,$0.00,$0.00,$0.00,$0.00,$0.00,$3.27,Yes,,Feb-16-23,Feb-16-23,Feb-22-23,Feb-22-23,Feb-27-23,,Yes,,,,USPS Media Mail,,1131058291027,,No,,No,,No,No,,,No,,No,Kansas City,KS,66104-2144,United States,No
5252,23-09711-03746,hadensmama,stephanie luibil,170d6fe5cb5a8bc1b462@members.ebay.com,,1861 NE 9th Ave,,Oak Harbor,WA,98277-4362,United States,,,Stephanie Luibil,+1 360-672-5766,1861 NE 9th Ave,,Oak Harbor,WA,98277-4362,United States,404030235334,Thomas and the Magic Railroad [DVD] [2000],02Dec2022_3551_91516_B5L3C2,No,1,$3.00,$0.00,"Baltimore, Maryland",21218,US,9,Sales tax,,,,$0.00,$0.27,$0.00,$0.00,$0.00,$0.00,$0.00,$0.00,$0.00,$3.27,Yes,,Feb-16-23,Feb-16-23,Feb-22-23,Feb-22-23,Feb-27-23,,Yes,,,,USPS Media Mail,,1131057239027,,No,,No,,No,No,,,No,,No,Oak Harbor,WA,98277-4362,United States,No
5251,05-09718-91976,josgephar5,josh gephart,170d598891c371bfe796@members.ebay.com,,17006 27th pl,,lake city,FL,32024-3010,United States,,,josh gephart,+1 386-466-2654,17006 27th pl,,lake city,FL,32024-3010,United States,404033889132,The Shaggy Dog (Widescreen),04Dec2022_4012_88058_B5L7C2,No,1,$3.00,$0.00,"Baltimore, Maryland",21218,US,7,Sales tax,,,,$0.00,$0.21,$0.00,$0.00,$0.00,$0.00,$0.00,$0.00,$0.00,$3.21,Yes,,Feb-16-23,Feb-16-23,Feb-22-23,Feb-21-23,Feb-24-23,,Yes,,,,USPS Media Mail,,1131051077027,,No,,No,,No,No,,,No,,No,lake city,FL,32024-3010,United States,No
5249,24-09724-61156,skaght,Scott Schulman,170cfb8ee39815676c48@members.ebay.com,,1632 Ritchie Road,,Stow,OH,44224-2350,United States,,,Scott Schulman,+1 330-688-8086,1632 Ritchie Road,,Stow,OH,44224-2350,United States,404123542579,Mean Girls (DVD  2004  Widescreen Special Collectors Edition),23Jan2023_4914_30690_B1L5C6,No,1,$3.00,$0.00,"Baltimore, Maryland",21218,US,6.75,Sales tax,,,,$0.00,$0.20,$0.00,$0.00,$0.00,$0.00,$0.00,$0.00,$0.00,$3.20,Yes,,Feb-16-23,Feb-16-23,Feb-22-23,Feb-21-23,Feb-23-23,,Yes,,,,USPS Media Mail,,1131018964027,,No,,No,,No,No,,,No,,No,Stow,OH,44224-2350,United States,No
5248,19-09711-89727,raymondrai-0,Raymond Drain,170ccaeef2f6ddc04964@members.ebay.com,,157 Dunning Ave,,Battle Creek,MI,49037-1857,United States,,,Raymond Drain,+1 269-264-2451,157 Dunning Ave,,Battle Creek,MI,49037-1857,United States,404138327226,The One [Special Edition] [DVD] [2001],31Jan2023_5590_26970_B8L7C1,No,1,$3.00,$0.00,"Baltimore, Maryland",21218,US,6,Sales tax,,,,$0.00,$0.18,$0.00,$0.00,$0.00,$0.00,$0.00,$0.00,$0.00,$3.18,Yes,,Feb-16-23,Feb-16-23,Feb-22-23,Feb-21-23,Feb-24-23,,Yes,,,,USPS Media Mail,,1131000709027,,No,,No,,No,No,,,No,,No,Battle Creek,MI,49037-1857,United States,No
5247,11-09714-78575,bipe-9329,Billy Peice,170c9ef0dce097cf9343@members.ebay.com,,207 Pine Hill Dr,,Waverly,TN,37185-1210,United States,,,Billy Peice,+1 931-209-5286,207 Pine Hill Dr,,Waverly,TN,37185-1210,United States,404024054949,Scooby Doo 2: Monsters Unleashed (DVD),29Nov2022_3242_55675_B4L7C4,No,1,$3.00,$0.00,"Baltimore, Maryland",21218,US,9.75,Sales tax,,,,$0.00,$0.29,$0.00,$0.00,$0.00,$0.00,$0.00,$0.00,$0.00,$3.29,Yes,,Feb-16-23,Feb-16-23,Feb-22-23,Feb-21-23,Feb-24-23,,Yes,,,,USPS Media Mail,,1130980971027,,No,,No,,No,No,,,No,,No,Waverly,TN,37185-1210,United States,No
5246,12-09714-47146,derebrownin4,Derek Browning,1649e0dd09493f8c9930@members.ebay.com,,500 Howard St,Apt 208,Spartanburg,SC,29303-3548,United States,,,Derek Browning,+1 864-448-8200,500 Howard St,Apt 208,Spartanburg,SC,29303-3548,United States,404097741106,Tim Conway: Timeless Comedy [DVD] [2006],08Jan2023_4061_46000_B2L3C1,No,1,$3.00,$0.00,"Baltimore, Maryland",21218,US,7,Sales tax,,,,$0.00,$0.21,$0.00,$0.00,$0.00,$0.00,$0.00,$0.00,$0.00,$3.21,Yes,,Feb-16-23,Feb-16-23,Feb-22-23,Feb-21-23,Feb-24-23,,Yes,,,,USPS Media Mail,,1130977053027,,No,,No,,No,No,,,No,,No,Spartanburg,SC,29303-3548,United States,No
5245,23-09709-73432,graceful_image_dot_com,Kris  Chirico,170c8cc726929bcab766@members.ebay.com,,4609 Ardmore Ln,,Virginia Beach,VA,23456-5038,United States,,,Kris Chirico,+1 707-478-3637,4609 Ardmore Ln,,Virginia Beach,VA,23456-5038,United States,404109705745,Crusade In The Pacific Volume II (DVD  Slim Case),15Jan2023_4856_41369_B7L2C1,No,1,$3.00,$0.00,"Baltimore, Maryland",21218,US,6,Sales tax,,,,$0.00,$0.18,$0.00,$0.00,$0.00,$0.00,$0.00,$0.00,$0.00,$3.18,Yes,,Feb-16-23,Feb-16-23,Feb-22-23,Feb-21-23,Feb-23-23,,Yes,,,420004_S,USPS Media Mail,,1130972124027,,No,,No,,No,No,,,No,,No,Virginia Beach,VA,23456-5038,United States,No
