Sales Record Number,Order Number,Buyer Username,Buyer Name,Buyer Email,Buyer Note,Buyer Address 1,Buyer Address 2,Buyer City,Buyer State,Buyer Zip,Buyer Country,Buyer Tax Identifier Name,Buyer Tax Identifier Value,Ship To Name,Ship To Phone,Ship To Address 1,Ship To Address 2,Ship To City,Ship To State,Ship To Zip,Ship To Country,Item Number,,Item Title,Custom Label,Sold Via Promoted Listings,Quantity,Sold For,Shipping And Handling,Item Location,Item Zip Code,Item Country,eBay Collect And Remit Tax Rate,eBay Collect And Remit Tax Type,eBay Reference Name,eBay Reference Value,Tax Status,Seller Collected Tax,eBay Collected Tax,Electronic Waste Recycling Fee,Mattress Recycling Fee,Battery Recycling Fee,White Goods Disposal Tax,Tire Recycling Fee,Additional Fee,eBay Collected Charges,Total Price,eBay Collected Tax and Fees Included in Total,Payment Method,Sale Date,Paid On Date,Ship By Date,Minimum Estimated Delivery Date,Maximum Estimated Delivery Date,Shipped On Date,Feedback Left,Feedback Received,My Item Note,PayPal Transaction ID,Shipping Service,Tracking Number,Transaction ID,Variation Details,Global Shipping Program,Global Shipping Reference ID,Click And Collect,Click And Collect Reference Number,eBay Plus,Authenticity Verification Program,Authenticity Verification Status,Authenticity Verification Outcome Reason,eBay Vault Program,Vault Fulfillment Type,eBay Fulfillment Program,Tax City,Tax State,Tax Zip,Tax Country,eBay International Shipping
4886,01-09677-99650,jdf56,MELISSA MARTIN,02bbe69f73893661b020@members.ebay.com,,425 Nace Ln,,Pittsburg,OK,74560-5010,United States,,,Melissa Martin,+1 682-203-2107,425 Nace Ln,,Pittsburg,OK,74560-5010,United States,404147540454,1,The Powerpuff Girls - The Movie,31Jan2023_5644_64032_B8L7C3,No,1,$3.00,$0.00,"Baltimore, Maryland",21218,US,6,Sales tax,,,,$0.00,$0.18,$0.00,$0.00,$0.00,$0.00,$0.00,$0.00,$0.00,$3.18,Yes,,Feb-06-23,Feb-06-23,Feb-09-23,Feb-09-23,Feb-13-23,,Yes,,,,USPS Media Mail,,1128590847027,,No,,No,,No,No,,,No,,No,Pittsburg,OK,74560-5010,United States,No
4883,07-09675-65008,jdf56,MELISSA MARTIN,02bbe69f73893661b020@members.ebay.com,,425 Nace Ln,,Pittsburg,OK,74560-5010,United States,,,Melissa Martin,+1 682-203-2107,425 Nace Ln,,Pittsburg,OK,74560-5010,United States,404147010090,2,The Wicker Man (Full Screen Unrated/Rated Edition),04Feb2023_6095_39260_B6L7C3,No,1,$3.00,$0.00,"Baltimore, Maryland",21218,US,6,Sales tax,,,,$0.00,$0.18,$0.00,$0.00,$0.00,$0.00,$0.00,$0.00,$0.00,$3.18,Yes,,Feb-06-23,Feb-06-23,Feb-09-23,Feb-09-23,Feb-13-23,,Yes,,,,USPS Media Mail,,1128580431027,,No,,No,,No,No,,,No,,No,Pittsburg,OK,74560-5010,United States,No
4882,03-09677-07217,jdf56,MELISSA MARTIN,02bbe69f73893661b020@members.ebay.com,,425 Nace Ln,,Pittsburg,OK,74560-5010,United States,,,Melissa Martin,+1 682-203-2107,425 Nace Ln,,Pittsburg,OK,74560-5010,United States,404147010080,3,Terminator 3: Rise Of The Machines (dvd) (2 Disc),04Feb2023_6082_93552_B6L6C5,No,1,$3.00,$0.00,"Baltimore, Maryland",21218,US,6,Sales tax,,,,$0.00,$0.18,$0.00,$0.00,$0.00,$0.00,$0.00,$0.00,$0.00,$3.18,Yes,,Feb-06-23,Feb-06-23,Feb-09-23,Feb-09-23,Feb-13-23,,Yes,,,,USPS Media Mail,,1128580193027,,No,,No,,No,No,,,No,,No,Pittsburg,OK,74560-5010,United States,No
4881,05-09676-82248,jdf56,MELISSA MARTIN,02bbe69f73893661b020@members.ebay.com,,425 Nace Ln,,Pittsburg,OK,74560-5010,United States,,,Melissa Martin,+1 682-203-2107,425 Nace Ln,,Pittsburg,OK,74560-5010,United States,404147010182,4,Bill & Ted s Excellent Adventure (DVD),04Feb2023_6185_39924_B7L3C3,No,1,$3.00,$0.00,"Baltimore, Maryland",21218,US,6,Sales tax,,,,$0.00,$0.18,$0.00,$0.00,$0.00,$0.00,$0.00,$0.00,$0.00,$3.18,Yes,,Feb-06-23,Feb-06-23,Feb-09-23,Feb-09-23,Feb-13-23,,Yes,,,,USPS Media Mail,,1128579797027,,No,,No,,No,No,,,No,,No,Pittsburg,OK,74560-5010,United States,No
4880,25-09668-25673,jdf56,MELISSA MARTIN,02bbe69f73893661b020@members.ebay.com,,425 Nace Ln,,Pittsburg,OK,74560-5010,United States,,,Melissa Martin,+1 682-203-2107,425 Nace Ln,,Pittsburg,OK,74560-5010,United States,404147010425,5,Matchstick Men,05Feb2023_6412_99927_B7L5C2,No,1,$3.00,$0.00,"Baltimore, Maryland",21218,US,6,Sales tax,,,,$0.00,$0.18,$0.00,$0.00,$0.00,$0.00,$0.00,$0.00,$0.00,$3.18,Yes,,Feb-06-23,Feb-06-23,Feb-09-23,Feb-09-23,Feb-13-23,,Yes,,,,USPS Media Mail,,1128577167027,,No,,No,,No,No,,,No,,No,Pittsburg,OK,74560-5010,United States,No
4759,21-09661-73598,jdf56,,,,,,,,,,,,,,,,,,,,404138327250,6,Elf [DVD] [2003],31Jan2023_5615_64765_B8L7C2,No,1,$3.00,,"Baltimore, Maryland",21218,US,6,Sales tax,,,,,,,,,,,,,,,,Feb-04-23,,Feb-08-23,Feb-09-23,Feb-11-23,,Yes,,,,,,1128078911027,,,,,,,,,,,,,,,,,
4759,21-09661-73598,jdf56,,,,,,,,,,,,,,,,,,,,404138327263,7,The sitter,31Jan2023_5625_36744_B8L7C3,No,1,$3.00,,"Baltimore, Maryland",21218,US,6,Sales tax,,,,,,,,,,,,,,,,Feb-04-23,,Feb-08-23,Feb-09-23,Feb-11-23,,Yes,,,,,,1128078913027,,,,,,,,,,,,,,,,,
4759,21-09661-73598,jdf56,,,,,,,,,,,,,,,,,,,,404138327392,8,The Good Girl (DVD),31Jan2023_5729_91272_B9L1C2,No,1,$3.00,,"Baltimore, Maryland",21218,US,6,Sales tax,,,,,,,,,,,,,,,,Feb-04-23,,Feb-08-23,Feb-09-23,Feb-11-23,,Yes,,,,,,1128078912027,,,,,,,,,,,,,,,,,
4759,21-09661-73598,jdf56,,,,,,,,,,,,,,,,,,,,404138327471,9,The Girl With the Dragon Tattoo (DVD),31Jan2023_5801_44609_B9L1C5,No,1,$3.00,,"Baltimore, Maryland",21218,US,6,Sales tax,,,,,,,,,,,,,,,,Feb-04-23,,Feb-08-23,Feb-09-23,Feb-11-23,,Yes,,,,,,1128078908027,,,,,,,,,,,,,,,,,
4759,21-09661-73598,jdf56,,,,,,,,,,,,,,,,,,,,404138327689,10,The Princess Bride,31Jan2023_5860_96099_B9L2C2,No,1,$3.00,,"Baltimore, Maryland",21218,US,6,Sales tax,,,,,,,,,,,,,,,,Feb-04-23,,Feb-08-23,Feb-09-23,Feb-11-23,,Yes,,,,,,1128078909027,,,,,,,,,,,,,,,,,
4759,21-09661-73598,jdf56,,,,,,,,,,,,,,,,,,,,404141161672,11,Cats & Dogs: The Revenge of Kitty Galore (DVD),02Feb2023_5992_60331_B4L4C1,No,1,$3.00,,"Baltimore, Maryland",21218,US,6,Sales tax,,,,,,,,,,,,,,,,Feb-04-23,,Feb-08-23,Feb-09-23,Feb-11-23,,Yes,,,,,,1128078910027,,,,,,,,,,,,,,,,,
4759,21-09661-73598,jdf56,,,,,,,,,,,,,,,,,,,,404141161741,12,Alice in Wonderland [DVD] [1985],02Feb2023_6058_51314_B5L7C6,No,1,$3.00,,"Baltimore, Maryland",21218,US,6,Sales tax,,,,,,,,,,,,,,,,Feb-04-23,,Feb-08-23,Feb-09-23,Feb-11-23,,Yes,,,,,,1128078906027,,,,,,,,,,,,,,,,,
4642,26-09651-90492,jdf56,MELISSA MARTIN,02bbe69f73893661b020@members.ebay.com,,425 Nace Ln,,Pittsburg,OK,74560-5010,United States,,,Melissa Martin,+1 682-203-2107,425 Nace Ln,,Pittsburg,OK,74560-5010,United States,404138327670,13,Yes Man (DVD),31Jan2023_5852_76373_B9L2C2,No,1,$3.00,$0.00,"Baltimore, Maryland",21218,US,6,Sales tax,,,,$0.00,$0.18,$0.00,$0.00,$0.00,$0.00,$0.00,$0.00,$0.00,$3.18,Yes,,Feb-02-23,Feb-02-23,Feb-07-23,Feb-06-23,Feb-09-23,,Yes,,,,USPS Media Mail,,1127599665027,,No,,No,,No,No,,,No,,No,Pittsburg,OK,74560-5010,United States,No
4584,24-09664-93155,jdf56,MELISSA MARTIN,02bbe69f73893661b020@members.ebay.com,,425 Nace Ln,,Pittsburg,OK,74560-5010,United States,,,Melissa Martin,+1 682-203-2107,425 Nace Ln,,Pittsburg,OK,74560-5010,United States,404135096300,14,The Satanic Rites Of Dracula [Slim Case],30Jan2023_5135_45564_B7L6C1,No,1,$3.00,$0.00,"Baltimore, Maryland",21218,US,6,Sales tax,,,,$0.00,$0.18,$0.00,$0.00,$0.00,$0.00,$0.00,$0.00,$0.00,$3.18,Yes,,Feb-01-23,Feb-01-23,Feb-06-23,Feb-06-23,Feb-08-23,,Yes,,,,USPS Media Mail,,1127458211027,,No,,No,,No,No,,,No,,No,Pittsburg,OK,74560-5010,United States,No
4582,23-09650-74435,jdf56,MELISSA MARTIN,02bbe69f73893661b020@members.ebay.com,,425 Nace Ln,,Pittsburg,OK,74560-5010,United States,,,Melissa Martin,+1 682-203-2107,425 Nace Ln,,Pittsburg,OK,74560-5010,United States,404138327252,15,The Waterboy (DVD),31Jan2023_5613_65940_B8L7C2,No,1,$3.00,$0.00,"Baltimore, Maryland",21218,US,6,Sales tax,,,,$0.00,$0.18,$0.00,$0.00,$0.00,$0.00,$0.00,$0.00,$0.00,$3.18,Yes,,Feb-01-23,Feb-01-23,Feb-06-23,Feb-06-23,Feb-08-23,,Yes,,,,USPS Media Mail,,1127455676027,,No,,No,,No,No,,,No,,No,Pittsburg,OK,74560-5010,United States,No
4581,25-09649-98308,jdf56,MELISSA MARTIN,02bbe69f73893661b020@members.ebay.com,,425 Nace Ln,,Pittsburg,OK,74560-5010,United States,,,Melissa Martin,+1 682-203-2107,425 Nace Ln,,Pittsburg,OK,74560-5010,United States,404138327409,16,Wizard Of Oz  The (Full Frame  Special Edition),31Jan2023_5746_77465_B9L1C3,No,1,$3.00,$0.00,"Baltimore, Maryland",21218,US,6,Sales tax,,,,$0.00,$0.18,$0.00,$0.00,$0.00,$0.00,$0.00,$0.00,$0.00,$3.18,Yes,,Feb-01-23,Feb-01-23,Feb-06-23,Feb-06-23,Feb-08-23,,Yes,,,,USPS Media Mail,,1127455209027,,No,,No,,No,No,,,No,,No,Pittsburg,OK,74560-5010,United States,No
4580,19-09652-36391,jdf56,MELISSA MARTIN,02bbe69f73893661b020@members.ebay.com,,425 Nace Ln,,Pittsburg,OK,74560-5010,United States,,,Melissa Martin,+1 682-203-2107,425 Nace Ln,,Pittsburg,OK,74560-5010,United States,404138327486,17,Into the Wild (DVD),31Jan2023_5813_22993_B9L1C6,No,1,$3.00,$0.00,"Baltimore, Maryland",21218,US,6,Sales tax,,,,$0.00,$0.18,$0.00,$0.00,$0.00,$0.00,$0.00,$0.00,$0.00,$3.18,Yes,,Feb-01-23,Feb-01-23,Feb-06-23,Feb-06-23,Feb-08-23,,Yes,,,,USPS Media Mail,,1127454181027,,No,,No,,No,No,,,No,,No,Pittsburg,OK,74560-5010,United States,No
4579,23-09650-70895,jdf56,MELISSA MARTIN,02bbe69f73893661b020@members.ebay.com,,425 Nace Ln,,Pittsburg,OK,74560-5010,United States,,,Melissa Martin,+1 682-203-2107,425 Nace Ln,,Pittsburg,OK,74560-5010,United States,404138327856,18,The Wizard of Oz,31Jan2023_5951_29915_B9L2C4,No,1,$3.00,$0.00,"Baltimore, Maryland",21218,US,6,Sales tax,,,,$0.00,$0.18,$0.00,$0.00,$0.00,$0.00,$0.00,$0.00,$0.00,$3.18,Yes,,Feb-01-23,Feb-01-23,Feb-06-23,Feb-06-23,Feb-08-23,,Yes,,,,USPS Media Mail,,1127453656027,,No,,No,,No,No,,,No,,No,Pittsburg,OK,74560-5010,United States,No
4578,20-09651-84875,jdf56,MELISSA MARTIN,02bbe69f73893661b020@members.ebay.com,,425 Nace Ln,,Pittsburg,OK,74560-5010,United States,,,Melissa Martin,+1 682-203-2107,425 Nace Ln,,Pittsburg,OK,74560-5010,United States,404138327858,19,Disney's A Christmas Carol [DVD] [2009],31Jan2023_5945_79324_B9L2C4,No,1,$3.00,$0.00,"Baltimore, Maryland",21218,US,6,Sales tax,,,,$0.00,$0.18,$0.00,$0.00,$0.00,$0.00,$0.00,$0.00,$0.00,$3.18,Yes,,Feb-01-23,Feb-01-23,Feb-06-23,Feb-06-23,Feb-08-23,,Yes,,,,USPS Media Mail,,1127452994027,,No,,No,,No,No,,,No,,No,Pittsburg,OK,74560-5010,United States,No
4577,21-09651-38597,jdf56,MELISSA MARTIN,02bbe69f73893661b020@members.ebay.com,,425 Nace Ln,,Pittsburg,OK,74560-5010,United States,,,Melissa Martin,+1 682-203-2107,425 Nace Ln,,Pittsburg,OK,74560-5010,United States,404138327785,20,Dr. Seuss' How The Grinch Stole Christmas,31Jan2023_5902_44175_B9L2C2,No,1,$3.00,$0.00,"Baltimore, Maryland",21218,US,6,Sales tax,,,,$0.00,$0.18,$0.00,$0.00,$0.00,$0.00,$0.00,$0.00,$0.00,$3.18,Yes,,Feb-01-23,Feb-01-23,Feb-06-23,Feb-06-23,Feb-08-23,,Yes,,,,USPS Media Mail,,1127452190027,,No,,No,,No,No,,,No,,No,Pittsburg,OK,74560-5010,United States,No
4574,13-09654-85221,jdf56,MELISSA MARTIN,02bbe69f73893661b020@members.ebay.com,,425 Nace Ln,,Pittsburg,OK,74560-5010,United States,,,Melissa Martin,+1 682-203-2107,425 Nace Ln,,Pittsburg,OK,74560-5010,United States,404138329637,21,The Wizard of Oz,31Jan2023_5951_29915_B9L2C4,No,1,$3.00,$0.00,"Baltimore, Maryland",21218,US,6,Sales tax,,,,$0.00,$0.18,$0.00,$0.00,$0.00,$0.00,$0.00,$0.00,$0.00,$3.18,Yes,,Feb-01-23,Feb-01-23,Feb-06-23,Feb-06-23,Feb-08-23,,Yes,,,,USPS Media Mail,,1127451053027,,No,,No,,No,No,,,No,,No,Pittsburg,OK,74560-5010,United States,No
4529,24-09659-45685,jdf56,MELISSA MARTIN,02bbe69f73893661b020@members.ebay.com,,425 Nace Ln,,Pittsburg,OK,74560-5010,United States,,,Melissa Martin,+1 682-203-2107,425 Nace Ln,,Pittsburg,OK,74560-5010,United States,404135096709,22,Nightmare Before Christmas,30Jan2023_5515_74716_B8L2C3,No,1,$3.00,$0.00,"Baltimore, Maryland",21218,US,6,Sales tax,,,,$0.00,$0.18,$0.00,$0.00,$0.00,$0.00,$0.00,$0.00,$0.00,$3.18,Yes,,Jan-31-23,Jan-31-23,Feb-06-23,Feb-04-23,Feb-07-23,,Yes,,,,USPS Media Mail,,1127161523027,,No,,No,,No,No,,,No,,No,Pittsburg,OK,74560-5010,United States,No
,,,,,,,,,,,,,,,,,,,,,,,23,Family Guy Christmas Ho Ho Holy Crap DVD - B290,,,,,,,,,,,,,,,,,,,,,,,,,,,,,,,,,,,,,,,,,,,,,,,,,,,,,,,
,,,,,,,,,,,,,,,,,,,,,,,24,Happy Feet Two (Includes Digital Copy) (UltraViolet) (Widescreen),,,,,,,,,,,,,,,,,,,,,,,,,,,,,,,,,,,,,,,,,,,,,,,,,,,,,,,
,,,,,,,,,,,,,,,,,,,,,,,25,Rat Race ( (DVD)),,,,,,,,,,,,,,,,,,,,,,,,,,,,,,,,,,,,,,,,,,,,,,,,,,,,,,,
