*Action(SiteID=US|Country=US|Currency=USD|Version=1193|CC=UTF-8),CustomLabel,*Category,StoreCategory,*Title,Subtitle,Relationship,RelationshipDetails,*ConditionID,*C:Format,*C:Movie/TV Title,*C:Season,C:Sub-Genre,C:Edition,*C:Genre,*C:Studio,*C:Type,*C:Actor,*C:Rating,*C:Language,*C:Features,*C:Director,C:Region Code,C:Release Year,C:Franchise,C:Subtitle Language,C:Country/Region of Manufacture,C:Music Artist,C:Cinematic Movement,C:Video Format,C:Case Type,C:Aspect Ratio,C:Producer,C:Bundle Description,C:California Prop 65 Warning,C:Custom Bundle,C:MPN,C:Run Time,PicURL,GalleryType,*Description,*Format,*Duration,*StartPrice,BuyItNowPrice,*Quantity,PayPalAccepted,PayPalEmailAddress,ImmediatePayRequired,PaymentInstructions,*Location,ShippingType,ShippingService-1:Option,ShippingService-1:Cost,ShippingService-2:Option,ShippingService-2:Cost,*DispatchTimeMax,PromotionalShippingDiscount,ShippingDiscountProfileID,*ReturnsAcceptedOption,ReturnsWithinOption,RefundOption,ShippingCostPaidByOption,AdditionalDetails,ShippingProfileName,ReturnProfileName,PaymentProfileName,TakeBackPolicyID,ProductCompliancePolicyID,*PostalCode
Add,20Oct2022_643_79284,617,,4 FILM FAVORITES: FAMILY ADVENTURES,,,,5000,DVD,4 FILM FAVORITES: FAMILY ADVENTURES,,,,,,,,,English,,,,,,,,,,,,,,,,,,,https://ebaycoverphotos.s3.amazonaws.com/20Oct2022_643_79284.jpg,,"For some books or dvds, the cover will be different from the ebay default picture. Please check ISBN for which version you will receive. I will also notify you before shipping if there is a difference. I don't normally accept returns. However, if there is any issue, please contact me first. I will try my best to work out a reasonable solution. I am not responsible for any losses and/or damages that may occur during shipping. Shipping is FREE to any address in USA. Handling time is 1 - 2 business days. Shipping time is from M-F. Please feel free to contact me with any question. Do not hesitate to view other items I have in my store! Thank you for looking and happy shopping!",FixedPrice,GTC,3,,1,,,,,,,,,,,3,,,,,,,,DVD Shipping,"No returns accepted,International:No returns",eBay Payments:Immediate pay,,,21218
Add,20Oct2022_644_96913,617,,Poseidon (DVD) NEW,,,,5000,DVD,Poseidon (DVD) NEW,,,,,,,,,English,,,,,,,,,,,,,,,,,,,https://ebaycoverphotos.s3.amazonaws.com/20Oct2022_644_96913.jpg,,"For some books or dvds, the cover will be different from the ebay default picture. Please check ISBN for which version you will receive. I will also notify you before shipping if there is a difference. I don't normally accept returns. However, if there is any issue, please contact me first. I will try my best to work out a reasonable solution. I am not responsible for any losses and/or damages that may occur during shipping. Shipping is FREE to any address in USA. Handling time is 1 - 2 business days. Shipping time is from M-F. Please feel free to contact me with any question. Do not hesitate to view other items I have in my store! Thank you for looking and happy shopping!",FixedPrice,GTC,3,,1,,,,,,,,,,,3,,,,,,,,DVD Shipping,"No returns accepted,International:No returns",eBay Payments:Immediate pay,,,21218
,,,,,,,,,,,,,,,,,,,,,,,,,,,,,,,,,,,,,,,,,,,,,,,,,,,,,,,,,,,,,,,,,,,,,
,,,,,,,,,,,,,,,,,,,,,,,,,,,,,,,,,,,,,,,,,,,,,,,,,,,,,,,,,,,,,,,,,,,,,
Add,20Oct2022_764_32708,617,,Charlie And The Chocolate Factory (DE) (Widescreen  Deluxe Edition),,,,5000,DVD,Charlie And The Chocolate Factory,,,,,,,,,English,,,,,,,,,,,,,,,,,,,https://ebaycoverphotos.s3.amazonaws.com/20Oct2022_764_32708.jpg,,"For some books/dvds, the cover will be different from the ebay default picture. Please check ISBN for which version you will receive. I will also notify you before shipping if there is a difference.
I don't normally accept returns. However, if there is any issue, please contact me first. I will try my best to work out a reasonable solution. I am not responsible for any losses and/or damages that may occur during shipping. 
Shipping is FREE to any address in USA. Handling time is 1 - 2 business days. Shipping time is from M-F. 
Please feel free to contact me with any question. Don't hesitate to view other items I have in my store! Thank you for looking and happy shopping! ",FixedPrice,GTC,3,,1,,,,,,,,,,,3,,,,,,,,DVD Shipping,"No returns accepted,International:No returns",eBay Payments:Immediate pay,,,21218
Add,20Oct2022_765_75124,617,,Zathura: A New Adventure From the World of Jumanji [Special Edition] [DVD] [2005,,,,5000,DVD,Zathura: A New Adventure From the World of Jumanji,,,,,,,,,English,,,,,,,,,,,,,,,,,,,https://ebaycoverphotos.s3.amazonaws.com/20Oct2022_765_75124.jpg,,"For some books/dvds, the cover will be different from the ebay default picture. Please check ISBN for which version you will receive. I will also notify you before shipping if there is a difference.
I don't normally accept returns. However, if there is any issue, please contact me first. I will try my best to work out a reasonable solution. I am not responsible for any losses and/or damages that may occur during shipping. 
Shipping is FREE to any address in USA. Handling time is 1 - 2 business days. Shipping time is from M-F. 
Please feel free to contact me with any question. Don't hesitate to view other items I have in my store! Thank you for looking and happy shopping! ",FixedPrice,GTC,3,,1,,,,,,,,,,,3,,,,,,,,DVD Shipping,"No returns accepted,International:No returns",eBay Payments:Immediate pay,,,21218
